<?xml version="1.0" encoding="utf-8"?>
<!-- This file is auto-generated, do not edit! -jm -->
<CordovaSourceDictionary>
    <FilePath Value="www\cordova-2.6.0.js"/>
    <FilePath Value="www\cordova-current.js"/>
    <FilePath Value="www\network.html"/>
    <FilePath Value="www\notification.html"/>
    <FilePath Value="www\storage.html"/>
    <FilePath Value="www\accelerometer.html"/>
    <FilePath Value="www\accelerometer2.html"/>
    <FilePath Value="www\audio.html"/>
    <FilePath Value="www\calculator.html"/>
    <FilePath Value="www\camera.html"/>
    <FilePath Value="www\capture.html"/>
    <FilePath Value="www\compass.html"/>
    <FilePath Value="www\contacts.html"/>
    <FilePath Value="www\events.html"/>
    <FilePath Value="www\file.html"/>
    <FilePath Value="www\index.html"/>
    <FilePath Value="www\location.html"/>
    <FilePath Value="www\master.css"/>
</CordovaSourceDictionary>
